id,posX,posY,posZ,length,rotY,rotZ
0,-0.0990918829653375,416.561188494858,0,1.04908169627561,0.00535800000000108,-14.1321988642141
1,-0.0968002162986707,415.723584328191,0,2.09754274946551,0.0107619999999997,-14.1145480523077
2,-0.0945085496320041,414.885980161525,0,3.14537714386403,0.0162109999999984,-14.0967854959529
3,-0.0922168829653374,414.048375994858,0,4.19257876814856,0.0217069999999921,-14.0789099238241
4,-0.0899252162986707,413.210771828191,0,5.23914141327455,0.0272509999999784,-14.0609200435543
5,-0.087633549632004,412.373167661525,0,6.28505877031108,0.0328420000000165,-14.0428145412665
6,-0.0853418829653373,411.535563494858,0,7.33032442821574,0.0384819999999877,-14.024592081112
7,-0.0830502162986707,410.697959328191,0,8.37493187154604,0.0441720000000032,-14.0062513047862
8,-0.0807585496320039,409.860355161525,0,9.41887447810524,0.0499110000000087,-13.9877908310266
9,-0.0784668829653373,409.022750994858,0,10.462145516521,0.0557009999999991,-13.9692092551113
10,-0.0761752162986706,408.185146828191,0,11.5047381437538,0.0615429999999719,-13.9505051483328
11,-0.0738835496320039,407.347542661525,0,12.5466454025323,0.0674359999999865,-13.9316770574539
12,-0.0715918829653372,406.509938494858,0,13.5878602187147,0.073381999999981,-13.9127235041647
13,-0.0693002162986705,405.672334328191,0,14.6283753985713,0.0793820000000096,-13.8936429845067
14,-0.0670085496320038,404.834730161525,0,15.6681836259878,0.0854360000000156,-13.8744339682914
15,-0.0647168829653371,403.997125994858,0,16.7072774595837,0.0915459999999939,-13.8550948984992
16,-0.0624252162986705,403.159521828191,0,17.7456493297456,0.0977110000000039,-13.8356241906617
17,-0.0601335496320038,402.321917661525,0,18.7832915355705,0.103932999999984,-13.8160202322252
18,-0.0578418829653371,401.484313494858,0,19.8201962417157,0.11021199999999,-13.7962813818977
19,-0.0555502162986704,400.646709328191,0,20.8563554751538,0.116550000000018,-13.7764059689807
20,-0.0532585496320037,399.809105161525,0,21.8917611218262,0.122947000000011,-13.7563922926679
21,-0.050966882965337,398.971500994858,0,22.9264049231944,0.129404000000022,-13.7362386213425
22,-0.0486752162986703,398.133896828191,0,23.9602784726838,0.135922999999991,-13.715943191842
23,-0.0463835496320036,397.296292661525,0,24.9933732120146,0.142502999999977,-13.6955042087012
24,-0.0440918829653369,396.458688494858,0,26.025680427419,0.149145999999973,-13.6749198433788
25,-0.0418002162986703,395.621084328191,0,27.0571912457366,0.155852999999979,-13.654188233457
26,-0.0395085496320036,394.783480161525,0,28.0878966303862,0.162624999999991,-13.6333074818182
27,-0.0372168829653369,393.945875994858,0,29.1177873772073,0.169463000000007,-13.6122756557982
28,-0.0349252162986702,393.108271828191,0,30.146854110167,0.176367000000027,-13.5910907863111
29,-0.0326335496320035,392.270667661525,0,31.1750872769276,0.183339999999987,-13.5697508669509
30,-0.0303418829653368,391.433063494858,0,32.2024771442678,0.190381000000002,-13.5482538530631
31,-0.0280502162986701,390.595459328191,0,33.2290153646405,0.197493000000009,-13.5265949674348
32,-0.0257585496320034,389.757855161525,0,34.2546858374933,0.204676000000006,-13.5047822929142
33,-0.0234668829653368,388.920250994858,0,35.2794856742842,0.211930999999993,-13.4828010323509
34,-0.0211752162986701,388.082646828191,0,36.3034013754086,0.219259000000022,-13.4606541089912
35,-0.0188835496320034,387.245042661525,0,37.3264222290948,0.226661999999976,-13.4383392708505
36,-0.0165918829653367,386.407438494858,0,38.3485373118212,0.234141000000022,-13.4158542216201
37,-0.01430021629867,385.569834328191,0,39.3697354825415,0.241697999999985,-13.3931966195008
38,-0.0120085496320033,384.732230161525,0,40.3900053767095,0.249331999999981,-13.3703640760044
39,-0.00971688296533664,383.894625994858,0,41.4093354000969,0.257047,-13.3473541547201
40,-0.00742521629866995,383.057021828191,0,42.4277137223916,0.264841999999987,-13.3241643700387
41,-0.00513354963200326,382.219417661525,0,43.4451282705712,0.272719999999993,-13.3007921858429
42,-0.00284188296533658,381.381813494858,0,44.4615667220391,0.280681000000016,-13.277235014154
43,-0.000550216298669887,380.544209328191,0,45.477016497515,0.288727999999992,-13.2534902137338
44,0.00174145036799679,379.706605161525,0,46.4914647536671,0.296861999999976,-13.2295550886455
45,0.00403311703466348,378.869000994858,0,47.5048983754768,0.305084000000022,-13.2054268867649
46,0.00632478370133016,378.031396828191,0,48.517303968323,0.313395000000014,-13.1811027982437
47,0.00861645036799687,377.193792661525,0,49.5286678497732,0.321798000000001,-13.1565799539233
48,0.0109081170346636,376.356188494858,0,50.5389760410692,0.330293999999981,-13.1318554236936
49,0.0131997837013302,375.518584328191,0,51.5482142582929,0.338885000000005,-13.1069262147999
50,0.0154914503679969,374.680980161525,0,52.556367903199,0.347572000000014,-13.0817892700896
51,0.0177831170346636,373.843375994858,0,53.5634220536966,0.356357000000003,-13.0564414662008
52,0.0200747837013303,373.005771828191,0,54.5693614539676,0.365242000000023,-13.0308796116907
53,0.022366450367997,372.168167661525,0,55.5741705042008,0.374228000000016,-13.005100445096
54,0.0246581170346637,371.330563494858,0,56.5778332499274,0.383317999999974,-12.9791006329302
55,0.0269497837013304,370.492959328191,0,57.5803333709358,0.392514000000006,-12.9528767676075
56,0.029241450367997,369.655355161525,0,58.5816541697494,0.401816999999994,-12.9264253652968
57,0.0315331170346637,368.817750994858,0,59.5817785596433,0.411228999999992,-12.8997428636998
58,0.0338247837013304,367.980146828191,0,60.580689052179,0.420752999999991,-12.8728256197481
59,0.0361164503679971,367.142542661525,0,61.5783677442343,0.430390999999986,-12.8456699072217
60,0.0384081170346638,366.304938494858,0,62.5747963045028,0.440144999999973,-12.8182719142796
61,0.0406997837013305,365.467334328191,0,63.5699559594371,0.450017000000003,-12.7906277409023
62,0.0429914503679972,364.629730161525,0,64.5638274786082,0.460009000000014,-12.7627333962427
63,0.0452831170346638,363.792125994858,0,65.5563911594523,0.470124999999996,-12.7345847958781
64,0.0475747837013305,362.954521828191,0,66.5476268113726,0.480365000000006,-12.706177758965
65,0.0498664503679972,362.116917661525,0,67.5375137391654,0.490733999999975,-12.6775080052854
66,0.0521581170346639,361.279313494858,0,68.5260307257342,0.501233000000013,-12.6485711521872
67,0.0544497837013306,360.441709328191,0,69.5131560140554,0.511865,-12.6193627114087
68,0.0567414503679973,359.604105161525,0,70.4988656680416,0.522632999999985,-12.5898794841133
69,0.059033117034664,358.766500994858,0,71.4831403273122,0.533539000000019,-12.5601136981017
70,0.0613247837013307,357.928896828191,0,72.4659545915241,0.544587999999976,-12.5300621932715
71,0.0636164503679973,357.091292661525,0,73.4472843473961,0.555781000000025,-12.499720024459
72,0.065908117034664,356.253688494858,0,74.4271048388837,0.567120999999986,-12.4690821231352
73,0.0681997837013307,355.416084328191,0,75.405390643749,0.578613000000018,-12.4381432934374
74,0.0704914503679974,354.578480161525,0,76.3821156490542,0.590258000000006,-12.4068982080476
75,0.0727831170346641,353.740875994858,0,77.3572530255185,0.602060999999992,-12.3753414039104
76,0.0750747837013307,352.903271828191,0,78.330775200677,0.614025000000026,-12.3434672777875
77,0.0773664503679975,352.065667661525,0,79.3026538307713,0.626153999999985,-12.3112700816356
78,0.0796581170346641,351.228063494858,0,80.2728597713023,0.638449999999978,-12.2787439178044
79,0.0819497837013309,350.390459328191,0,81.2413630461686,0.650918999999988,-12.2458827340465
80,0.0842414503679975,349.552855161525,0,82.2081328153086,0.663564000000008,-12.2126803183292
81,0.0865331170346642,348.715250994858,0,83.1731373407587,0.676388999999972,-12.1791302934399
82,0.0888247837013309,347.877646828191,0,84.1363439510375,0.689397999999983,-12.1452261113789
83,0.0911164503679976,347.040042661525,0,85.097719003753,0.702596000000028,-12.1109610475264
84,0.0934081170346642,346.202438494858,0,86.0572278463309,0.715985999999987,-12.0763281945767
85,0.095699783701331,345.364834328191,0,87.0148347747484,0.729575000000011,-12.0413204562283
86,0.0979914503679976,344.527230161525,0,87.9705029901543,0.74336599999998,-12.0059305406214
87,0.100283117034664,343.689625994858,0,88.9241945532442,0.757363999999995,-11.970150953508
88,0.102574783701331,342.852021828191,0,89.8758703362538,0.771574999999984,-11.9339739911471
89,0.104866450367998,342.014417661525,0,90.8254899724218,0.786002999999994,-11.8973917329136
90,0.107158117034664,341.176813494858,0,91.7730118027625,0.800655000000006,-11.8603960336042
91,0.109449783701331,340.339209328191,0,92.7183928199781,0.815536000000009,-11.8229785154336
92,0.111741450367998,339.501605161525,0,93.6615886093284,0.830651999999986,-11.7851305597052
93,0.114033117034664,338.664000994858,0,94.6025532862603,0.846007999999983,-11.7468432981431
94,0.116324783701331,337.826396828191,0,95.5412394305876,0.86161199999998,-11.708107603874
95,0.118616450367998,336.988792661525,0,96.4775980169925,0.877470000000017,-11.6689140820424
96,0.120908117034665,336.151188494858,0,97.4115783416078,0.893588000000022,-11.629253060049
97,0.123199783701331,335.313584328191,0,98.3431279444143,0.909973999999977,-11.5891145773945
98,0.125491450367998,334.475980161525,0,99.2721925271738,0.926633999999979,-11.5484883751184
99,0.127783117034665,333.638375994858,0,100.198717717813,0.943578000000002,-11.5073626406945
100,0.130074783701331,332.800771828191,0,101.122633166283,0.960810999999978,-11.4657346030363
101,0.132366450367998,331.963167661525,0,102.043897772608,0.978342999999995,-11.4235801248086
102,0.134658117034665,331.125563494858,0,102.962439984084,0.996182999999974,-11.380893674163
103,0.136949783701331,330.287959328191,0,103.878194901922,1.01433800000001,-11.3376633256938
104,0.139241450367998,329.450355161525,0,104.791095184171,1.03281800000002,-11.2938767828262
105,0.141533117034665,328.612750994858,0,105.701070922409,1.05163399999998,-11.2495213640297
106,0.143824783701331,327.775146828191,0,106.608049510759,1.07079399999998,-11.2045839885281
107,0.146116450367998,326.937542661525,0,107.511955506652,1.09030899999999,-11.159051161496
108,0.148408117034665,326.099938494858,0,108.412710482742,1.11019099999999,-11.11290895874
109,0.150699783701331,325.262334328191,0,109.310232869322,1.130449,-11.0661430108627
110,0.152991450367998,324.424730161525,0,110.204437786507,1.15109699999999,-11.0187384869114
111,0.155283117034665,323.587125994858,0,111.095236865444,1.172147,-10.970680077519
112,0.157574783701332,322.749521828191,0,111.982538057693,1.19361099999998,-10.9219519775497
113,0.159866450367998,321.911917661525,0,112.866245431882,1.21550300000001,-10.8725378682683
114,0.162158117034665,321.074313494858,0,113.746258956663,1.23783700000001,-10.822420899061
115,0.164449783701332,320.236709328191,0,114.62247426889,1.260628,-10.771583668744
116,0.166741450367998,319.399105161525,0,115.494782425886,1.28389099999998,-10.7200082065073
117,0.169033117034665,318.561500994858,0,116.36306964053,1.30764199999999,-10.6676759525581
118,0.171324783701332,317.723896828191,0,117.227216997822,1.33189800000002,-10.6145677385372
119,0.173616450367998,316.886292661525,0,118.087100151456,1.35667699999999,-10.5606637678101
120,0.175908117034665,316.048688494858,0,118.942588998791,1.38199800000001,-10.5059435957488
121,0.178199783701332,315.211084328191,0,119.793547332512,1.40787899999998,-10.4503861101517
122,0.180491450367998,314.373480161525,0,120.639832467101,1.43434200000002,-10.3939695119823
123,0.182783117034665,313.535875994858,0,121.481287374542,1.46140700000001,-10.336676121441
124,0.185074783701332,312.698271828191,0,122.317771145172,1.48909800000001,-10.2784724004714
125,0.187366450367998,311.860667661525,0,123.149110663845,1.51743800000003,-10.219339844651
126,0.189658117034665,311.023063494858,0,123.975133019247,1.54645199999999,-10.1592537284134
127,0.191949783701332,310.185459328191,0,124.795656499408,1.576167,-10.0981885569136
128,0.194241450367999,309.347855161525,0,125.610490018334,1.60660999999999,-10.0361180549976
129,0.196533117034665,308.510250994858,0,126.419432499435,1.63781,-9.97301515923451
130,0.198824783701332,307.672646828191,0,127.222272212359,1.66979900000001,-9.90885201375007
131,0.201116450367999,306.835042661525,0,128.01878605964,1.702608,-9.84359997073654
132,0.203408117034665,305.997438494858,0,128.808738809345,1.73627299999998,-9.77722959667502
133,0.205699783701332,305.159834328191,0,129.591882269694,1.77082899999999,-9.70971068548621
134,0.207991450367999,304.322230161525,0,130.367954401471,1.80631499999998,-9.64101228004824
135,0.210283117034665,303.484625994858,0,131.13667836389,1.84277100000003,-9.57110270376796
136,0.212574783701332,302.647021828191,0,131.897761489477,1.88024100000001,-9.49994960419126
137,0.214866450367999,301.809417661525,0,132.650894183536,1.91876999999999,-9.42752001097666
138,0.217158117034665,300.971813494858,0,133.395748743828,1.95840500000003,-9.35378041095651
139,0.219449783701332,300.134209328191,0,134.131978096317,1.99919899999998,-9.27869684347
140,0.221741450367999,299.296605161525,0,134.859214443245,2.04120499999999,-9.20223501968572
141,0.224033117034665,298.459000994858,0,135.577059444222,2.08447999999999,-9.12436663102872
142,0.226324783701332,297.621396828191,0,136.285117849394,2.12908700000003,-9.04504373627982
143,0.228616450367999,296.783792661525,0,136.98294064679,2.17509000000001,-8.96423934812022
144,0.230908117034666,295.946188494858,0,137.670061781881,2.22255699999999,-8.8819197016347
145,0.233199783701332,295.108584328191,0,138.345986335685,2.27156100000002,-8.79805183740288
146,0.235491450367999,294.270980161525,0,139.010188632114,2.32218,-8.71260398299037
147,0.237783117034666,293.433375994858,0,139.662110274784,2.37449700000002,-8.62554600654396
148,0.240074783701332,292.595771828191,0,140.301158130298,2.42859800000002,-8.53684995362817
149,0.242366450367999,291.758167661525,0,140.926702282148,2.484577,-8.44649067969078
150,0.244658117034666,290.920563494858,0,141.538073988402,2.542531,-8.35444659177567
151,0.246949783701332,290.082959328191,0,142.134563687501,2.60256700000002,-8.26070051418963
152,0.249241450367999,289.245355161525,0,142.715419110197,2.66479299999997,-8.16524069368449
153,0.251533117034666,288.407750994858,0,143.27984357228,2.72932800000001,-8.06806196012951
154,0.253824783701332,287.570146828191,0,143.826986281805,2.79629199999999,-7.96917544000617
155,0.256116450367999,286.732542661525,0,144.355975642932,2.86582099999998,-7.86857553536769
156,0.258408117034666,285.894938494858,0,144.865865243433,2.93804799999998,-7.76629493643591
157,0.260699783701332,285.057334328191,0,145.355671082114,3.01311900000002,-7.66237003854074
158,0.262991450367999,284.219730161525,0,145.824363096983,3.091183,-7.55685243027227
159,0.265283117034666,283.382125994858,0,146.270867438512,3.17239699999999,-7.44981121397496
160,0.267574783701333,282.544521828191,0,146.694070160142,3.25692400000003,-7.34133549815167
161,0.269866450367999,281.706917661525,0,147.092821112879,3.34493099999997,-7.23153932751241
162,0.272158117034666,280.869313494858,0,147.465948058345,3.43659000000002,-7.12055419290526
163,0.274449783701333,280.031709328191,0,147.812255158887,3.53207600000002,-7.00854840328681
164,0.276741450367999,279.194105161525,0,148.130543579309,3.63156500000002,-6.89571750221579
165,0.279033117034666,278.356500994858,0,148.41962422945,3.73523299999999,-6.78228974573094
166,0.281324783701333,277.518896828191,0,148.678335666218,3.843253,-6.66852782827467
167,0.283616450367999,276.681292661525,0,148.905564781653,3.95579300000003,-6.55472990878105
168,0.285908117034666,275.843688494858,0,149.100269384978,4.073015,-6.44123279549096
169,0.288199783701333,275.006084328191,0,149.261506140035,4.19507199999998,-6.32839805840551
170,0.290491450367999,274.168480161525,0,149.388452288985,4.32210099999998,-6.21662970924197
171,0.292783117034666,273.330875994858,0,149.480435622761,4.454227,-6.10635638024048
172,0.295074783701333,272.493271828191,0,149.536958778155,4.59155600000003,-5.99802956830591
173,0.297366450367999,271.655667661525,0,149.557721881546,4.73417699999999,-5.89211677812148
174,0.299658117034666,270.818063494858,0,149.542641293648,4.88215700000001,-5.78909416884313
175,0.301949783701333,269.980459328191,0,149.491861888342,5.03554600000001,-5.68943428859223
176,0.304241450368,269.142855161525,0,149.405764853694,5.19436899999999,-5.59360148997448
177,0.306533117034666,268.305250994858,0,149.284966496834,5.35863599999999,-5.50203887456241
178,0.308824783701333,267.467646828191,0,149.130309692308,5.52834000000001,-5.41515828025852
179,0.311116450368,266.630042661525,0,148.942854103883,5.70345700000001,-5.33333981151646
180,0.313408117034666,265.792438494858,0,148.723849809979,5.88395500000001,-5.25691383656008
181,0.315699783701333,264.954834328191,0,148.47471728447,6.06979000000001,-5.18616374536746
182,0.317991450368,264.117230161525,0,148.197018224165,6.26091700000001,-5.12131965704521
183,0.320283117034666,263.279625994858,0,147.892431470411,6.45728600000001,-5.06256156959361
184,0.322574783701333,262.442021828191,0,147.562720165743,6.65884899999998,-5.01001394123654
185,0.324866450368,261.604417661525,0,147.20971145342,6.86555900000002,-4.96375331044337
186,0.327158117034666,260.766813494858,0,146.835257799389,7.07737900000001,-4.92379807099009
187,0.329449783701333,259.929209328191,0,146.441238611422,7.29427700000002,-4.8901315434696
188,0.331741450368,259.091605161525,0,146.029528158899,7.51622600000002,-4.86269262874022
189,0.334033117034666,258.254000994858,0,145.601985769194,7.74321099999997,-4.84138346516463
190,0.336324783701333,257.416396828191,0,145.160445772967,7.97522400000003,-4.82607368623263
191,0.338616450368,256.578792661525,0,144.706710908007,8.212267,-4.81660465692139
192,0.340908117034666,255.741188494858,0,144.242546973204,8.45435099999997,-4.8127923604771
193,0.343199783701333,254.903584328191,0,143.769681868318,8.70149300000003,-4.81443120536015
194,0.345491450368,254.065980161525,0,143.289806705841,8.95371899999998,-4.82129729500451
195,0.347783117034667,253.228375994858,0,142.804577399008,9.21106099999997,-4.83315046379339
196,0.350074783701333,252.390771828191,0,142.315616731429,9.47355700000003,-4.84973538542214
197,0.352366450368,251.553167661525,0,141.824525363184,9.74124599999999,-4.87078676779321
198,0.354658117034667,250.715563494858,0,141.332878451326,10.014174,-4.89602528781285
199,0.356949783701333,249.877959328191,0,140.842238344813,10.292385,-4.92516210729628
200,0.359241450368,249.040355161525,0,140.354160176345,10.575924,-4.95789861034762
201,0.361533117034667,248.202750994858,0,139.87019949827,10.864834,-4.99392682183863
202,0.363824783701333,247.365146828191,0,139.391921106015,11.159151,-5.03293009794924
203,0.366116450368,246.527542661525,0,138.920903583794,11.458908,-5.07458108684969
204,0.368408117034667,245.689938494858,0,138.458753814126,11.764126,-5.11854511715384
205,0.370699783701333,244.852334328191,0,138.007111972951,12.074816,-5.16447811824185
206,0.372991450368,244.014730161525,0,137.567659495823,12.390971,-5.21202615855757
207,0.375283117034667,243.177125994858,0,137.142134622364,12.712563,-5.26082976736555
208,0.377574783701333,242.339521828191,0,136.732333959053,13.039543,-5.31052033246523
209,0.379866450368,241.501917661525,0,136.340119269613,13.371832,-5.36071982987844
210,0.382158117034667,240.664313494858,0,135.967432930996,13.709316,-5.41104726757434
211,0.384449783701334,239.826709328191,0,135.616298951558,14.051839,-5.46111730204101
212,0.386741450368,238.989105161525,0,135.288828470176,14.399197,-5.51054344537215
213,0.389033117034667,238.151500994858,0,134.987019262108,14.751121,-5.5589807020278
214,0.391324783701334,237.313896828191,0,134.711543907602,15.10725,-5.60632863951531
215,0.393616450368,236.476292661525,0,134.462479458127,15.467184,-5.65259020135507
216,0.395908117034667,235.638688494858,0,134.239841333822,15.83051,-5.69776460871446
217,0.398199783701334,234.801084328191,0,134.043586340827,16.196812,-5.74184717169735
218,0.400491450368,233.963480161525,0,133.873616317114,16.565663,-5.78483238865566
219,0.402783117034667,233.125875994858,0,133.729773945083,16.936639,-5.82670674951317
220,0.405074783701334,232.288271828191,0,133.611849812375,17.309313,-5.86745512479931
221,0.407366450368001,231.450667661525,0,133.519581244227,17.683261,-5.90705599009047
222,0.409658117034667,230.613063494858,0,133.452657317528,18.058059,-5.94548611044758
223,0.411949783701334,229.775459328191,0,133.41071870124,18.433291,-5.98271548756533
224,0.414241450368001,228.937855161525,0,133.393362135957,18.808547,-6.01871128853746
225,0.416533117034667,228.100250994858,0,133.400140747286,19.183434,-6.05342789248198
226,0.418824783701334,227.262646828191,0,133.43057158059,19.557559,-6.08682381746999
227,0.421116450368001,226.425042661525,0,133.484134790014,19.930544,-6.11884895230152
228,0.423408117034667,225.587438494858,0,133.560277725116,20.302026,-6.14944821287321
229,0.425699783701334,224.749834328191,0,133.658417786905,20.671651,-6.17856163548869
230,0.427991450368001,223.912230161525,0,133.77794495728,21.039083,-6.20612619359142
231,0.430283117034667,223.074625994858,0,133.918225375108,21.404001,-6.2320684547522
232,0.432574783701334,222.237021828191,0,134.078602404013,21.766095,-6.25631707684898
233,0.434866450368001,221.399417661525,0,134.25839981073,22.125073,-6.27879402628395
234,0.437158117034667,220.561813494858,0,134.456923701617,22.480655,-6.29941721803052
235,0.439449783701334,219.724209328191,0,134.673463994532,22.832577,-6.31810190022643
236,0.441741450368001,218.886605161525,0,134.907298191907,23.180593,-6.33475555431016
237,0.444033117034667,218.049000994858,0,135.157689562086,23.524466,-6.3492870556859
238,0.446324783701334,217.211396828191,0,135.42389083552,23.863975,-6.36160033405714
239,0.448616450368001,216.373792661525,0,135.705144713137,24.198913,-6.37159642011352
240,0.450908117034668,215.536188494858,0,136.000684071059,24.529084,-6.37917495167018
241,0.453199783701334,214.698584328191,0,136.309736088772,24.854307,-6.38422857864278
242,0.455491450368001,213.860980161525,0,136.631517117256,25.17441,-6.38665321366755
243,0.457783117034668,213.023375994858,0,136.965237241076,25.489232,-6.38634087684961
244,0.460074783701334,212.185771828191,0,137.310099398529,25.798624,-6.38318203112018
245,0.462366450368001,211.348167661525,0,137.665299473392,26.102445,-6.3770658858561
246,0.464658117034668,210.510563494858,0,138.030025461761,26.400561,-6.36788180495832
247,0.466949783701334,209.672959328191,0,138.40346142535,26.692853,-6.35551398804825
248,0.469241450368001,208.835355161525,0,138.784779695969,26.979202,-6.33985222931887
249,0.471533117034668,207.997750994858,0,139.173146347165,27.259497,-6.32078417886507
250,0.473824783701334,207.160146828191,0,139.567719101178,27.533636,-6.2981981061047
251,0.476116450368001,206.322542661525,0,139.967644438378,27.801519,-6.27198642683526
252,0.478408117034668,205.484938494858,0,140.372067975082,28.063056,-6.24203227009527
253,0.480699783701334,204.647334328191,0,140.780115526602,28.318156,-6.20823356909427
254,0.482991450368001,203.809730161525,0,141.190906068555,28.566733,-6.17048635686984
255,0.485283117034668,202.972125994858,0,141.603547534041,28.808703,-6.128690206368
256,0.487574783701334,202.134521828191,0,142.017136350345,29.043988,-6.08274900166438
257,0.489866450368001,201.296917661525,0,142.430754152163,29.272506,-6.03257554206915
258,0.492158117034668,200.459313494858,0,142.843480616452,29.494188,-5.97807564002266
259,0.494449783701335,199.621709328191,0,143.254371616058,29.708956,-5.919177078599
260,0.496741450368001,198.784105161525,0,143.662475325798,29.916736,-5.85581025107447
261,0.499033117034668,197.946500994858,0,144.066828266871,30.117458,-5.78791488472782
262,0.501324783701335,197.108896828191,0,144.466456006589,30.31105,-5.71544127826039
263,0.503616450368001,196.271292661525,0,144.860371962346,30.497443,-5.63835483284509
264,0.505908117034668,195.433688494858,0,145.247588448729,30.676571,-5.55662371431252
265,0.508199783701335,194.596084328191,0,145.627103197998,30.848367,-5.47024208963033
266,0.510491450368001,193.758480161525,0,145.997912778686,31.012767,-5.37921600406484
267,0.512783117034668,192.920875994858,0,146.359012582479,31.169709,-5.28356890084814
268,0.515074783701335,192.083271828191,0,146.709399484595,31.319136,-5.18334440583731
269,0.517366450368001,191.245667661525,0,147.04807851508,31.460994,-5.07860327614242
270,0.519658117034668,190.408063494858,0,147.374064729955,31.595233,-4.96942907491722
271,0.521949783701335,189.570459328191,0,147.686389981435,31.721809,-4.85592646696379
272,0.524241450368002,188.732855161525,0,147.984108160013,31.840687,-4.73822267783679
273,0.526533117034668,187.895250994858,0,148.266301245289,31.951836,-4.61646812879232
274,0.528824783701335,187.057646828191,0,148.532085705763,32.055236,-4.49083683401297
275,0.531116450368001,186.220042661525,0,148.780621783208,32.150877,-4.36151934431129
276,0.533408117034668,185.382438494858,0,149.011110811138,32.238757,-4.22874723499337
277,0.535699783701335,184.544834328191,0,149.222817032525,32.318888,-4.09275215556375
278,0.537991450368002,183.707230161525,0,149.415062998203,32.391296,-3.95379219423437
279,0.540283117034668,182.869625994858,0,149.587238325877,32.456016,-3.8121425837585
280,0.542574783701335,182.032021828191,0,149.738804845033,32.513101,-3.66809328905537
281,0.544866450368002,181.194417661525,0,149.869300831008,32.562613,-3.52194650546371
282,0.547158117034668,180.356813494858,0,149.978344751748,32.604632,-3.37400954617759
283,0.549449783701335,179.519209328191,0,150.065635631394,32.639248,-3.22460545489495
284,0.551741450368002,178.681605161525,0,150.130956447388,32.666566,-3.07405220140977
285,0.554033117034668,177.844000994858,0,150.1741723641,32.686703,-2.92266529169346
286,0.556324783701335,177.006396828191,0,150.195229078503,32.699786,-2.77075994248558
287,0.558616450368002,176.168792661525,0,150.194150673622,32.705954,-2.61864616715437
288,0.560908117034668,175.331188494858,0,150.171034887809,32.705352,-2.46661465513584
289,0.563199783701335,174.493584328191,0,150.126051035729,32.698136,-2.31496233629039
290,0.565491450368002,173.655980161525,0,150.059431623192,32.684465,-2.16395654525235
291,0.567783117034669,172.818375994858,0,149.971468325611,32.664503,-2.01385395256053
292,0.570074783701335,171.980771828191,0,149.862505736454,32.63842,-1.86489556670389
293,0.572366450368002,171.143167661525,0,149.7329336607,32.606383,-1.71730067622318
294,0.574658117034669,170.305563494858,0,149.583182583408,32.568563,-1.57127394250934
295,0.576949783701335,169.467959328191,0,149.413715363296,32.525129,-1.42699799777237
296,0.579241450368002,168.630355161525,0,149.225024677883,32.476247,-1.28464366154846
297,0.581533117034669,167.792750994858,0,149.017622096371,32.422082,-1.14435591187873
298,0.583824783701335,166.955146828191,0,148.79203673599,32.362794,-1.0062656693624
299,0.586116450368002,166.117542661525,0,148.548809164315,32.298539,-0.870487000428098
300,0.588408117034669,165.279938494858,0,148.28848730781,32.229466,-0.737118626119571
301,0.590699783701335,164.442334328191,0,148.011621241429,32.155722,-0.606242489142167
302,0.592991450368002,163.604730161525,0,147.718759452516,32.077443,-0.477924783927012
303,0.595283117034669,162.767125994858,0,147.410453302352,31.994765,-0.352229334936956
304,0.597574783701336,161.929521828191,0,147.087244385989,31.907813,-0.229198661603446
305,0.599866450368002,161.091917661525,0,146.749760324568,31.816765,-0.108834793088072
306,0.602158117034669,160.254313494858,0,146.398761415017,31.72188,0.0089108118321252
307,0.604449783701335,159.416709328191,0,146.034963900793,31.623403,0.124102075892222
308,0.606741450368002,158.579105161525,0,145.659029928686,31.521558,0.236807226333169
309,0.609033117034669,157.741500994858,0,145.271576472895,31.416552,0.347091673419216
310,0.611324783701336,156.903896828191,0,144.873167327438,31.308572,0.4550328191136
311,0.613616450368002,156.066292661525,0,144.464329086365,31.197789,0.56070300180648
312,0.615908117034669,155.228688494858,0,144.045546350089,31.08436,0.664179389470292
313,0.618199783701336,154.391084328191,0,143.61727817535,30.968433,0.7655274883496
314,0.620491450368002,153.553480161525,0,143.179942684248,30.850141,0.864822748906123
315,0.622783117034669,152.715875994858,0,142.733929585125,30.729606,0.962138110508386
316,0.625074783701336,151.878271828191,0,142.279604700086,30.606941,1.05754158319119
317,0.627366450368002,151.040667661525,0,141.817303613565,30.482252,1.15110559769026
318,0.629658117034669,150.203063494858,0,141.347348349204,30.355637,1.24289079687758
319,0.631949783701336,149.365459328191,0,140.870034287839,30.227185,1.33296231103692
320,0.634241450368003,148.527855161525,0,140.385635503566,30.09698,1.42138542134795
321,0.636533117034669,147.690250994858,0,139.894411645934,29.965099,1.50821992696553
322,0.638824783701336,146.852646828191,0,139.396606067093,29.831615,1.59352363415656
323,0.641116450368002,146.015042661525,0,138.892442860756,29.696594,1.67735654333767
324,0.643408117034669,145.177438494858,0,138.382141469786,29.560101,1.75976740833774
325,0.645699783701336,144.339834328191,0,137.865899578825,29.422194,1.84081190784665
326,0.647991450368003,143.502230161525,0,137.343907023739,29.282929,1.9205397480345
327,0.650283117034669,142.664625994858,0,136.816339180525,29.142355,1.99900204055662
328,0.652574783701336,141.827021828191,0,136.283363561967,29.000523,2.07624572142942
329,0.654866450368003,140.989417661525,0,135.745139170361,28.857478,2.15231499864377
330,0.657158117034669,140.151813494858,0,135.201808437742,28.713261,2.22725955021688
331,0.659449783701336,139.314209328191,0,134.653519654812,28.567914,2.30111418730102
332,0.661741450368003,138.476605161525,0,134.100401392488,28.421475,2.37392333099572
333,0.664033117034669,137.639000994858,0,133.542578574757,28.273979,2.44572651816208
334,0.666324783701336,136.801396828191,0,132.980170642508,28.125462,2.51656066263715
335,0.668616450368003,135.963792661525,0,132.413287088792,27.975954,2.5864645461171
336,0.670908117034669,135.126188494858,0,131.842033908254,27.825486,2.65547337481419
337,0.673199783701336,134.288584328191,0,131.26651131626,27.674087,2.7236212523413
338,0.675491450368003,133.450980161525,0,130.686814323731,27.521785,2.79094101926934
339,0.677783117034669,132.613375994858,0,130.103029395562,27.368605,2.85746751973871
340,0.680074783701336,131.775771828191,0,129.515247496948,27.214573,2.92322640995883
341,0.682366450368003,130.938167661525,0,128.923546121321,27.059713,2.98825028715701
342,0.68465811703467,130.100563494858,0,128.328001666322,26.904047,3.05256803263753
343,0.686949783701336,129.262959328191,0,127.728688625324,26.747598,3.11620581166306
344,0.689241450368003,128.425355161524,0,127.125672759079,26.590385,3.17919321922404
345,0.69153311703467,127.587750994858,0,126.519019585416,26.432429,3.2415561207747
346,0.693824783701336,126.750146828191,0,125.908791202739,26.273748,3.30331962060371
347,0.696116450368003,125.912542661525,0,125.295046474323,26.114362,3.36450808759
348,0.69840811703467,125.074938494858,0,124.677843487895,25.954288,3.42514323025368
349,0.700699783701336,124.237334328191,0,124.057226069619,25.793541,3.48525575025753
350,0.702991450368003,123.399730161525,0,123.433255894633,25.632141,3.54485813551535
351,0.70528311703467,122.562125994858,0,122.805975748716,25.470101,3.60397610544681
352,0.707574783701337,121.724521828191,0,122.17543081503,25.307439,3.66263060603621
353,0.709866450368003,120.886917661525,0,121.541663955119,25.144167,3.72084195957614
354,0.71215811703467,120.049313494858,0,120.904718101344,24.980302,3.77862796657581
355,0.714449783701336,119.211709328191,0,120.264628685826,24.815857,3.83601040318368
356,0.716741450368003,118.374105161525,0,119.621432498283,24.650844,3.89300764962434
357,0.71903311703467,117.536500994858,0,118.97516436998,24.485278,3.94963759299154
358,0.721324783701337,116.698896828191,0,118.325857265911,24.31917,4.00591764315602
359,0.723616450368003,115.861292661525,0,117.673542371742,24.152535,4.06186474810772
360,0.72590811703467,115.023688494858,0,117.01824917587,23.985383,4.11749540874519
361,0.728199783701337,114.186084328191,0,116.360005841839,23.817727,4.17282544590316
362,0.730491450368003,113.348480161525,0,115.698829199298,23.649576,4.22787846515222
363,0.73278311703467,112.510875994858,0,115.034762356852,23.480946,4.28265440093303
364,0.735074783701337,111.673271828191,0,114.367819693244,23.311847,4.33717569402116
365,0.737366450368003,110.835667661525,0,113.698023371838,23.142288,4.39145674705511
366,0.73965811703467,109.998063494858,0,113.025394284047,22.972281,4.44551157812904
367,0.741949783701337,109.160459328191,0,112.349954314345,22.801837,4.49935197827721
368,0.744241450368003,108.322855161524,0,111.671719072971,22.630965,4.55299366351196
369,0.74653311703467,107.485250994858,0,110.990706119386,22.459676,4.60644943106289
370,0.748824783701337,106.647646828191,0,110.306931916908,22.28798,4.65973176294901
371,0.751116450368003,105.810042661525,0,109.620411879588,22.115887,4.7128528346176
372,0.75340811703467,104.972438494858,0,108.931160416927,21.943407,4.76582452324335
373,0.755699783701337,104.134834328191,0,108.239190976602,21.77055,4.81865841570379
374,0.757991450368004,103.297230161524,0,107.544516085294,21.597325,4.87136581623607
375,0.76028311703467,102.459625994858,0,106.8471488165,21.423741,4.92395654453816
376,0.762574783701337,101.622021828191,0,106.147089468158,21.249807,4.97645025877724
377,0.764866450368004,100.784417661525,0,105.444364898758,21.075535,5.02884317416811
378,0.76715811703467,99.9468134948578,0,104.738976510023,20.900934,5.08115215014006
379,0.769449783701337,99.1092093281912,0,104.030932816351,20.726011,5.1333871498534
380,0.771741450368004,98.2716051615245,0,103.320241633985,20.550776,5.18555788388525
381,0.77403311703467,97.4340009948578,0,102.606912823744,20.37524,5.23767149401038
382,0.776324783701337,96.5963968281912,0,101.890949506394,20.19941,5.28974009470648
383,0.778616450368004,95.7587926615245,0,101.172357707266,20.023296,5.34177256760075
384,0.78090811703467,94.9211884948578,0,100.451142850936,19.846905,5.39377757780228
385,0.783199783701337,94.0835843281912,0,99.7273097881255,19.670248,5.44576357823235
386,0.785491450368004,93.2459801615245,0,99.0008628216813,19.493334,5.4977388137774
387,0.787783117034671,92.4083759948578,0,98.2718057317125,19.31617,5.54971132527004
388,0.790074783701337,91.5707718281912,0,97.5401417999162,19.138767,5.60168895330766
389,0.792366450368004,90.7331676615245,0,96.8058738331406,18.961133,5.65367934191408
390,0.794658117034671,89.8955634948578,0,96.0690041862301,18.783277,5.70568994205301
391,0.796949783701337,89.0579593281911,0,95.3295371635207,18.605208,5.75772592015087
392,0.799241450368004,88.2203551615245,0,94.5874697168996,18.426934,5.80979836224634
393,0.801533117034671,87.3827509948578,0,93.8427921790541,18.248461,5.86192375172866
394,0.803824783701337,86.5451468281912,0,93.0955311886736,18.069805,5.91408590016282
395,0.806116450368004,85.7075426615245,0,92.3456742573609,17.890971,5.96630274070393
396,0.808408117034671,84.8699384948578,0,91.5932215002105,17.711968,6.01858060692579
397,0.810699783701337,84.0323343281912,0,90.8381759793661,17.532805,6.07092272826478
398,0.812991450368004,83.1947301615245,0,90.0805333112536,17.353492,6.12333858363167
399,0.815283117034671,82.3571259948578,0,89.3202928605297,17.174035,6.17583389109298
400,0.817574783701337,81.5195218281912,0,88.557453733733,16.994445,6.22841420415331
401,0.819866450368004,80.6819176615245,0,87.7920147965306,16.81473,6.28108491368382
402,0.822158117034671,79.8443134948578,0,87.0239746905533,16.634899,6.3338512497824
403,0.824449783701338,79.0067093281911,0,86.2533318498327,16.454961,6.38671828357267
404,0.826741450368004,78.1691051615245,0,85.4800845168571,16.274925,6.43969092894557
405,0.829033117034671,77.3315009948578,0,84.7042307582549,16.0948,6.49277394425098
406,0.831324783701338,76.4938968281911,0,83.9257684801202,15.914595,6.54597193394399
407,0.833616450368004,75.6562926615245,0,83.1446954429878,15.734319,6.59928935019465
408,0.835908117034671,74.8186884948578,0,82.3610092764677,15.55398,6.65273049446389
409,0.838199783701338,73.9810843281912,0,81.5747105227573,15.373589,6.7062966298434
410,0.840491450368004,73.1434801615245,0,80.7857910724948,15.193153,6.75999700628757
411,0.842783117034671,72.3058759948578,0,79.9942353000303,15.012678,6.81384801356736
412,0.845074783701338,71.4682718281911,0,79.2000709406498,14.832181,6.8678240406304
413,0.847366450368005,70.6306676615245,0,78.4032801030062,14.651667,6.92194311810566
414,0.849658117034671,69.7930634948578,0,77.6038599416913,14.471144,6.97620865467896
415,0.851949783701338,68.9554593281911,0,76.8018075806262,14.290623,7.03062391177177
416,0.854241450368004,68.1178551615245,0,75.9971201253185,14.110111,7.08519200470224
417,0.856533117034671,67.2802509948578,0,75.1897979211752,13.92962,7.13991265082952
418,0.858824783701338,66.4426468281911,0,74.3798342136726,13.749156,7.19479250290554
419,0.861116450368005,65.6050426615245,0,73.5672262057999,13.568729,7.24983417245547
420,0.863408117034671,64.7674384948578,0,72.7519711228575,13.388349,7.30504013337449
421,0.865699783701338,63.9298343281911,0,71.9340662233853,13.208024,7.3604127230455
422,0.867991450368005,63.0922301615245,0,71.1135088097966,13.027764,7.41595414348663
423,0.870283117034671,62.2546259948578,0,70.2902962387148,12.847577,7.47166646253359
424,0.872574783701338,61.4170218281912,0,69.4644259310161,12.667472,7.52755161506337
425,0.874866450368005,60.5794176615245,0,68.6358953815709,12.487459,7.58361140426635
426,0.877158117034671,59.7418134948578,0,67.8047021686884,12.307548,7.63984750297043
427,0.879449783701338,58.9042093281911,0,66.9708439632578,12.127745,7.69626145502858
428,0.881741450368005,58.0666051615244,0,66.1343185375871,11.948062,7.75285467677177
429,0.884033117034671,57.2290009948578,0,65.295123773936,11.768507,7.80962845853926
430,0.886324783701338,56.3913968281911,0,64.4532592842426,11.589089,7.86658217613722
431,0.888616450368005,55.5537926615245,0,63.608720019262,11.409817,7.92372038344783
432,0.890908117034671,54.7161884948578,0,62.7614873162065,11.230695,7.98106320866259
433,0.893199783701338,53.8785843281911,0,61.9115968788737,11.051742,8.03856943015442
434,0.895491450368005,53.0409801615245,0,61.059028399168,10.872961,8.09626087961809
435,0.897783117034672,52.2033759948578,0,60.2037806099907,10.694363,8.15413809622929
436,0.900074783701338,51.3657718281911,0,59.3458524134131,10.515954,8.21220149569842
437,0.902366450368005,50.5281676615244,0,58.4852428871189,10.337746,8.27045137158491
438,0.904658117034672,49.6905634948578,0,57.621951290552,10.159745,8.32888789664595
439,0.906949783701338,48.8529593281911,0,56.7559770707689,9.98196200000001,8.38751112422213
440,0.909241450368005,48.0153551615245,0,55.887319867994,9.80440399999998,8.44632098966011
441,0.911533117034672,47.1777509948578,0,55.0159795208774,9.62708099999998,8.50531731177482
442,0.913824783701338,46.3401468281911,0,54.1419596373989,9.45000099999999,8.56449529101688
443,0.916116450368005,45.5025426615244,0,53.2652562165649,9.27317299999999,8.62385978365061
444,0.918408117034672,44.6649384948578,0,52.3858698101843,9.09660500000001,8.68341017966974
445,0.920699783701338,43.8273343281911,0,51.5038011819378,8.92030599999998,8.74314576089274
446,0.922991450368005,42.9897301615244,0,50.6190513108175,8.744283,8.80306570305429
447,0.925283117034672,42.1521259948578,0,49.7316213942366,8.56854600000003,8.86316907802172
448,0.927574783701338,41.3145218281911,0,48.8415128508102,8.393102,8.92345485614381
449,0.929866450368005,40.4769176615245,0,47.9487273228082,8.21796000000001,8.98392190874611
450,0.932158117034672,39.6393134948578,0,47.0532666782824,8.04312800000002,9.04456901078377
451,0.934449783701339,38.8017093281911,0,46.1551330128657,7.86861399999998,9.10539484367317
452,0.936741450368005,37.9641051615244,0,45.2543286512496,7.69442600000002,9.16639799831407
453,0.939033117034672,37.1265009948578,0,44.3508561483391,7.52057200000002,9.22757697833108
454,0.941324783701339,36.2888968281911,0,43.4447211953095,7.34706,9.28892583351019
455,0.943616450368005,35.4512926615245,0,42.5359212890614,7.17389800000001,9.35045112338493
456,0.945908117034672,34.6136884948578,0,41.6244419892104,7.00108799999998,9.41217888415783
457,0.948199783701339,33.7760843281911,0,40.710327711202,6.82864799999999,9.47404409850175
458,0.950491450368005,32.9384801615244,0,39.7935614646161,6.65658000000002,9.53607658528842
459,0.952783117034672,32.1008759948578,0,38.8741472322396,6.484891,9.59827434857754
460,0.955074783701339,31.2632718281911,0,37.9520892387666,6.31358999999998,9.66063531121279
461,0.957366450368005,30.4256676615244,0,37.0273919502893,6.14268299999998,9.72315731706478
462,0.959658117034672,29.5880634948578,0,36.1000600735353,5.97217699999999,9.78583813330477
463,0.961949783701339,28.7504593281911,0,35.1700985548623,5.80207999999999,9.84867545270099
464,0.964241450368005,27.9128551615244,0,34.2375125790118,5.63239700000003,9.91166689594274
465,0.966533117034672,27.0752509948578,0,33.3023075676306,5.46313700000002,9.97481001398251
466,0.968824783701339,26.2376468281911,0,32.364489177568,5.29430500000001,10.0381022903965
467,0.971116450368006,25.4000426615244,0,31.4240632989515,5.12590899999998,10.1015411437631
468,0.973408117034672,24.5624384948577,0,30.4810392421664,4.95795500000003,10.1651174366725
469,0.975699783701339,23.7248343281911,0,29.5354194342155,4.79044900000002,10.2288361277182
470,0.977991450368005,22.8872301615245,0,28.5872105680431,4.62339700000001,10.2926943004892
471,0.980283117034672,22.0496259948578,0,27.6364195526187,4.45680499999997,10.3566889832549
472,0.982574783701339,21.2120218281911,0,26.6830535092769,4.29067900000001,10.4208171525913
473,0.984866450368006,20.3744176615244,0,25.7271197678515,4.12502599999999,10.4850757373146
474,0.987158117034672,19.5368134948578,0,24.7686258626071,3.95985000000002,10.5494616228149
475,0.989449783701339,18.6992093281911,0,23.8075795279811,3.79515900000001,10.6139716558969
476,0.991741450368006,17.8616051615244,0,22.8439886941429,3.63095600000003,10.6786026502722
477,0.994033117034672,17.0240009948577,0,21.8778614823796,3.46724699999999,10.7433513929132
478,0.996324783701339,16.1863968281911,0,20.909208747956,3.30403899999999,10.8082073564193
479,0.998616450368006,15.3487926615244,0,19.9380339329993,3.14133500000003,10.8731814155136
480,1.00090811703467,14.5111884948578,0,18.9643310294143,2.97913799999998,10.9383172926552
481,1.00319978370134,13.6735843281911,0,17.9881436173,2.81745799999999,11.0035054941872
482,1.00549145036801,12.8359801615244,0,17.009463087638,2.65629799999999,11.0687955620417
483,1.00778311703467,11.9983759948577,0,16.0282986649318,2.49566199999998,11.1341841779383
484,1.01007478370134,11.1607718281911,0,15.0446597470364,2.335555,11.1996679970667
485,1.01236645036801,10.3231676615244,0,14.0585559005421,2.17597999999998,11.2652436496086
486,1.01465811703467,9.48556349485777,0,13.0699968560911,2.01694300000003,11.3309077418547
487,1.01694978370134,8.6479593281911,0,12.0789925036355,1.85844600000001,11.3966568566882
488,1.01924145036801,7.81035516152442,0,11.0855528876454,1.70049399999999,11.4624875530586
489,1.02153311703467,6.97275099485775,0,10.0896913379344,1.543092,11.5283784572111
490,1.02382478370134,6.13514682819107,0,9.09141424603182,1.38624299999998,11.5943453076775
491,1.02611645036801,5.2975426615244,0,8.09073223943304,1.22994899999998,11.6603839296681
492,1.02840811703467,4.45993849485772,0,7.08765606838653,1.07421499999998,11.7264898437235
493,1.03069978370134,3.6223343281911,0,6.08219659995194,0.919042999999988,11.7926580254279
494,1.03299145036801,2.78473016152443,0,5.07436481202819,0.764437999999984,11.8588823742656
495,1.03528311703467,1.94712599485775,0,4.06417178736204,0.610401000000024,11.9251543826508
496,1.03757478370134,1.10952182819108,0,3.05162870754399,0.456936999999982,11.9914591389436
497,1.03986645036801,0.271917661524403,0,2.03674684700052,0.304047000000025,12.0577593335932
498,1.04215811703467,-0.565686505142271,0,1.01953973232256,0.151734999999974,12.1237645883118
